{
  "name": "freerdp",
  "version": "3.14.1",
  "description": "A free implementation of the Remote Desktop Protocol (RDP)",
  "homepage": "https://github.com/FreeRDP/FreeRDP",
  "license": "Apache-2.0",
  "supports": "!uwp",
  "dependencies": [
    "cjson",
    "openssl",
    {
      "name": "vcpkg-cmake",
      "host": true
    },
    {
      "name": "vcpkg-cmake-config",
      "host": true
    },
    "zlib"
  ],
  "features": {
    "client": {
      "description": "Build client components"
    },
    "ffmpeg": {
      "description": "Enable image scaling, video and audio with ffmpeg",
      "dependencies": [
        {
          "name": "ffmpeg",
          "default-features": false,
          "features": [
            "avcodec",
            "swresample",
            "swscale"
          ]
        }
      ]
    },
    "server": {
      "description": "Build server components",
      "supports": "!android & !ios & !uwp",
      "dependencies": [
        {
          "name": "freerdp",
          "default-features": false,
          "features": [
            "winpr-tools"
          ]
        }
      ]
    },
    "urbdrc": {
      "description": "USB redirection channel support",
      "dependencies": [
        "libusb"
      ]
    },
    "winpr-tools": {
      "description": "Build winpr tools",
      "supports": "!android & !ios & !uwp"
    },
    "x11": {
      "description": "Enable X11 support",
      "supports": "!android & !ios & !windows & !osx",
      "dependencies": [
        "xcb"
      ]
    }
  }
}
