{
  "name": "ensmallen",
  "version-semver": "2.21.1",
  "port-version": 1,
  "description": "A header-only C++ library for mathematical optimization",
  "homepage": "http://ensmallen.org/",
  "license": "BSD-3-Clause",
  "dependencies": [
    "armadillo",
    {
      "name": "vcpkg-cmake",
      "host": true
    },
    {
      "name": "vcpkg-cmake-config",
      "host": true
    }
  ],
  "default-features": [
    {
      "name": "openmp",
      "platform": "!osx"
    }
  ],
  "features": {
    "openmp": {
      "description": "Enable OpenMP support"
    }
  }
}
