{
  "name": "freetype-gl",
  "version": "1.0",
  "description": "OpenGL text using one vertex buffer, one texture and FreeType",
  "homepage": "https://github.com/rougier/freetype-gl",
  "dependencies": [
    "freetype",
    {
      "name": "vcpkg-cmake",
      "host": true
    },
    {
      "name": "vcpkg-cmake-config",
      "host": true
    }
  ],
  "default-features": [
    "glew"
  ],
  "features": {
    "glad": {
      "description": "Use the GLAD gl loader",
      "dependencies": [
        "glad"
      ]
    },
    "glew": {
      "description": "Use the GLEW gl loader",
      "dependencies": [
        "glew"
      ]
    }
  }
}
