{
  "name": "directx-dxc",
  "version-date": "2025-07-15",
  "description": "DirectX Shader Compiler (LLVM/Clang)",
  "homepage": "https://github.com/microsoft/DirectXShaderCompiler",
  "documentation": "https://github.com/microsoft/DirectXShaderCompiler/wiki",
  "license": null,
  "supports": "(windows & !arm32 & !uwp & !xbox) | (linux & x64)",
  "dependencies": [
    {
      "name": "vcpkg-cmake",
      "host": true
    },
    {
      "name": "vcpkg-cmake-config",
      "host": true
    },
    {
      "name": "zlib",
      "platform": "linux & !static"
    }
  ]
}
